<manifest alg="2" build="2015.1.2.344" opt="true" iceEnabled="true" iceMarkupVersion="2" iceEnabledOptions="link,responsive" exportTarget="other" domain="index.html" resolutions="1x" timestamp="1469441967137">
  <folder name="css">
    <file name="site_global.css" crc="131700929"/>
    <file name="index.css" crc="4247690533" ref="index"/>
    <file name="nomq_index.css" crc="4035621350" ref="index"/>
  </folder>
  <folder name="scripts">
    <file name="jquery-1.8.3.min.js" crc="207176553" ref="index"/>
    <file name="museutils.js" crc="3790713428" ref="index"/>
    <file name="whatinput.js" crc="84559013" ref="index"/>
    <file name="pie.js" crc="3827607177" ref="index"/>
    <file name="jquery.watch.js" crc="4244854265" ref="index"/>
    <file name="jquery.musepolyfill.bgsize.js" crc="3918880840" ref="index"/>
    <file name="jquery.museresponsive.js" crc="3895133147" ref="index"/>
  </folder>
  <folder name="images">
    <file name="herceg5-ieu94-fr.png" crc="4260876944" ref="index"/>
    <file name="herceg5.jpg" crc="34966962" ref="index"/>
    <file name="herceg1.jpg" crc="71695584" ref="index"/>
    <file name="herceg3.jpg" crc="3914321375" ref="index"/>
    <file name="soba.jpg" crc="3994072682" ref="index"/>
    <file name="soba1.jpg" crc="4271050965" ref="index"/>
    <file name="seminari.jpg" crc="180370089" ref="index"/>
    <file name="dsc-4017_800x534.jpg" crc="3800665110" ref="index"/>
    <file name="dsc-4023_800x534.jpg" crc="4255444763" ref="index"/>
    <file name="ikona3-u1403.png" crc="60714804" ref="index"/>
    <file name="ikona3-u1403-r.png" crc="60714804" ref="index"/>
    <file name="herceg5-ieu94-fr2.png" crc="237955860" ref="index"/>
    <file name="soba-u332-fr.jpg" crc="240138230" ref="index"/>
    <file name="dsc-4017_800x534-u374-fr.jpg" crc="256441355" ref="index"/>
    <file name="dsc-4023_800x534-u415-fr.jpg" crc="3884060439" ref="index"/>
    <file name="ikona3-u14032.png" crc="60714804" ref="index"/>
    <file name="ikona3-u1403-r2.png" crc="60714804" ref="index"/>
    <file name="blank.gif" crc="4208392903" ref="index"/>
  </folder>
  <file name="index.html" crc="4201528907" seo="true" mt="1469441773279" redirect="true"/>
</manifest>